{"count":1,"self":326.2910208,"total":326.996828,"children":{"InitializeActuators":{"count":1,"self":0.00096099999999999994,"total":0.00096099999999999994,"children":null},"InitializeSensors":{"count":1,"self":0.0013599999999999999,"total":0.0013599999999999999,"children":null},"AgentSendState":{"count":16101,"self":0.020522,"total":0.048389999999999996,"children":{"CollectObservations":{"count":807,"self":0.010898999999999999,"total":0.010898999999999999,"children":null},"WriteActionMask":{"count":806,"self":0.0013289999999999999,"total":0.0013289999999999999,"children":null},"RequestDecision":{"count":806,"self":0.015639999999999998,"total":0.015639999999999998,"children":null}}},"DecideAction":{"count":16100,"self":0.61319899999999994,"total":0.61319899999999994,"children":null},"AgentAct":{"count":16100,"self":0.041516,"total":0.041516,"children":null}},"gauges":{"ParkingCarBehavior.CumulativeReward":{"count":37,"max":1.21386552,"min":-0.0109999981,"runningAverage":0.9581674,"value":0.997669637,"weightedAverage":1.05810368}},"metadata":{"timer_format_version":"0.1.0","start_time_seconds":"1672871200","unity_version":"2021.3.8f1","command_line_arguments":"\/Applications\/Unity\/Hub\/Editor\/2021.3.8f1\/Unity.app\/Contents\/MacOS\/Unity -projectpath \/Users\/khalil\/Documents\/GitHub\/PraRLParking\/ParaRLParking -useHub -hubIPC -cloudEnvironment production -licensingIpc LicenseClient-YVi_0B0AVhA2ux8yM2MRq -hubSessionId 5c4d7c10-8ae1-11ed-a13e-dbe3ff4e3d4a -accessToken onTT6XYeZztWjNc1PxiDZDVP3VCJZ2tv1pEmpRZVqyY00af","communication_protocol_version":"1.5.0","com.unity.ml-agents_version":"2.2.1-exp.1","scene_name":"New Scene","end_time_seconds":"1672871527"}}